pageid,title,wikibase_item,biography
23073137,Houston We Are GO,Q10336578,FALSE
21338647,In the Hands of God,Q10301847,FALSE
6223148,Love Liberty Disco,Q6690950,FALSE
48912841,Love Riot (Newsboys album),Q23013710,FALSE
37086263,Newsboys Live in Concert: God's Not Dead,Q14078562,FALSE
8525765,Newsboys Remixed,Q10336579,FALSE
6279104,Not Ashamed,Q7062051,FALSE
39826343,Restart (Newsboys album),Q17015291,FALSE
1603470,Step Up to the Microphone,Q7608005,FALSE
4518356,Take Me to Your Leader (Newsboys album),Q10377904,FALSE
6223527,Thrive (Newsboys album),Q7798297,FALSE
6013013,Lift (Shannon Noll album),Q6545598,FALSE
34399631,A Million Suns,Q4658257,FALSE
67780097,Raw (Shannon Noll album),Q107185548,FALSE
540818,That's What I'm Talking About,Q7711040,FALSE
12689452,Turn It Up (Shannon Noll album),Q7855674,FALSE
55989129,Unbroken (Shannon Noll album),Q48803188,FALSE
31484965,Orianthi discography,Q28223913,FALSE
24825742,Believe (Orianthi album),Q2894460,FALSE
38416167,Heaven in This Hell,Q3784030,FALSE
57440417,Radio Free America (album),Q42412815,FALSE
55922264,Rise (RSO EP),Q48801052,FALSE
71396084,Rock Candy (album),Q113493174,FALSE
24918357,Violet Journey,Q4013835,FALSE
68136126,9 (Pond album),Q108365459,FALSE
53694169,Corridors of Blissterday,Q29831569,FALSE
59656016,Tasmania (album),Q60770952,FALSE
50153348,Another Place (Rick Price album),Q25096210,FALSE
55044618,California Dreaming (Rick Price and Jack Jones album),Q39074323,FALSE
21989711,Heaven Knows (Rick Price album),Q16977067,FALSE
49962100,Tamborine Mountain (album),Q25096029,FALSE
50020028,Tennessee Sky,Q23763221,FALSE
50020170,The Water's Edge,Q24037623,FALSE
9137556,ALIVE in Florida,Q4652382,FALSE
4908085,Christmas (Rebecca St. James album),Q5111279,FALSE
69211469,Dawn (Rebecca St. James EP),Q109667837,FALSE
4908252,God (Rebecca St. James album),Q59939,FALSE
1921683,!Hero,Q3596099,FALSE
30449357,I Will Praise You,Q5979821,FALSE
3949731,If I Had One Chance to Tell You Something,Q5990454,FALSE
69792174,Kingdom Come (Rebecca St. James album),Q111165311,FALSE
4883544,Pray (Rebecca St. James album),Q7238950,FALSE
4898519,Rebecca St. James (album),Q7301941,FALSE
5789395,Rebecca St. James: Extended Play Remixes,Q7301939,FALSE
4975664,Refresh My Heart,Q7307589,FALSE
4712860,Transform (Rebecca St. James album),Q7834068,FALSE
20088780,The Ultimate Collection (Rebecca St. James album),Q7771124,FALSE
4907736,Wait for Me: The Best from Rebecca St. James,Q7960411,FALSE
4438337,Worship God,Q7461368,FALSE
12723665,The Barnicles & Stripes EP,Q7715663,FALSE
17732779,Engineering the Soul,Q5377905,FALSE
12723538,Perfect Distraction,Q7167973,FALSE
33082771,Nothing but the Truth (Southern Sons album),Q7062733,FALSE
33082014,Southern Sons (album),Q7570480,FALSE
36539737,Train Tracks (EP),Q7832877,FALSE
33082923,Zone (album),Q8073894,FALSE
55545427,Don't Throw Stones,Q43303073,FALSE
55537102,Reckless (The Sports album),Q47496011,FALSE
55545504,Sondra (album),Q48837802,FALSE
55545486,Suddenly (The Sports album),Q48837799,FALSE
24549586,Fall into Place,Q5432137,FALSE
656104,Eight Step Rail,Q5349017,FALSE
656110,Jet Age (Superjesus album),Q6188789,FALSE
656102,Sumo (album),Q7638003,FALSE
57123389,Sumo II,Q55634199,FALSE
4363172,Whatever Will Be,Q7991752,FALSE
53538197,'Cos Life Hurts,Q29324711,FALSE
53538352,What You Give Is What You Get (album),Q30601794,FALSE
18183925,Losing Sleep (Axle Whitehead album),Q6683655,FALSE
5005884,Bite Your Tongue,Q4918818,FALSE
53701815,Black Eyed Bruiser (album),Q30602894,FALSE
25789950,Hard Road (Stevie Wright album),Q5655353,FALSE
17367361,The Memphis Tour,Q7750983,FALSE
21508717,Banana Moon,Q3491611,FALSE
38562436,Hit Men,Q5871410,FALSE
25963452,Now Is the Happiest Time of Your Life,Q7065391,FALSE
24118921,The Owl and the Tree,Q3522146,FALSE
38561700,Who's Afraid?,Q7997003,FALSE
50188113,Bloom (Caligula's Horse album),Q25096250,FALSE
50227691,Colossus (EP),Q25096277,FALSE
55236617,In Contact,Q65090564,FALSE
50227404,Moments from Ephemeral City,Q24037632,FALSE
64064166,Rise Radiant,Q96340918,FALSE
50226783,"The Tide, the Thief & River's End",Q24037388,FALSE
21934038,First Temple (album),Q8563376,FALSE
20107990,The Penance and the Patience,Q7756517,FALSE
42293848,Pink Lemonade (album),Q17021761,FALSE
20233284,Just Visiting (Cog album),Q6316417,FALSE
3018835,The New Normal (album),Q7753691,FALSE
16096438,Sharing Space,Q7489736,FALSE
17540643,Dardanelles (EP),Q5222420,FALSE
17540164,Mirror Mirror (Dardanelles album),Q16952418,FALSE
40660764,Bānhūs,Q16243160,FALSE
30963121,The Good Fight for Harmony,Q7737210,FALSE
30959031,Hollow Be My Name,Q5881706,FALSE
41923334,Cadmium (album),Q16245140,FALSE
26827781,Sky (Sky album),Q7537220,FALSE
32128126,Sky 2 (album),Q17035285,FALSE
37928240,Sky 3 (album),Q7537228,FALSE
42034000,Sky 4: Forthcoming,Q17035294,FALSE
41913699,Sky Five Live,Q17035311,FALSE
64580520,The Electric Hippies,Q97515048,FALSE
71702437,Changes (King Gizzard & the Lizard Wizard album),Q115095651,FALSE
72768251,Demos Vol. 1 + Vol. 2,Q116507502,FALSE
71701822,"Ice, Death, Planets, Lungs, Mushrooms and Lava",Q114088762,FALSE
71702409,Laminated Denim,Q114585743,FALSE
69579532,Made in Timeland,Q111115393,FALSE
72788249,Teenage Gizzard,Q117771437,FALSE
36570725,Alone (The Morning After Girls album),Q4734367,FALSE
7606086,Shadows Evolve,Q7460786,FALSE
18429033,Different Like You,Q5275294,FALSE
15035798,23 (The Silents EP),Q4631551,FALSE
15035628,Flicker and Flames,Q5459083,FALSE
16689201,Things to Learn,Q7784421,FALSE
50808628,"As Above, So Below (Stonefield album)",Q25097013,FALSE
50760538,Stonefield (album),Q25096952,FALSE
6443266,Bitter & Twisted (album),Q4918974,FALSE
6444733,Road Rage (EP),Q7339371,FALSE
6443988,Say It to My Face (album),Q7428975,FALSE
6444340,Torn Apart (album),Q7825954,FALSE
70558852,Aussie Christmas with Bucko & Champs,Q111939744,FALSE
70558923,Aussie Christmas with Bucko & Champs 2,Q111915664,FALSE
33715859,Born Is the King,Q4945826,FALSE
2974018,Celebrating Christmas,Q5057605,FALSE
1569871,Christmas (Hillsong album),Q5111266,FALSE
61964310,Christmas Vol. 1,Q85752276,FALSE
61964585,Christmas Vol. 2,Q85752278,FALSE
59734408,Hey Rudolph!,Q60793291,FALSE
62642863,It's Christmas (Planetshakers album),Q76820725,FALSE
72377259,A Philly Special Christmas,Q115813446,FALSE
8258534,The Spirit of Christmas 1993,Q7765914,FALSE
8258508,The Spirit of Christmas 1994,Q7765915,FALSE
8258443,The Spirit of Christmas 1996,Q7765918,FALSE
8258396,The Spirit of Christmas 1998,Q7765919,FALSE
8258366,The Spirit of Christmas 1999,Q7765920,FALSE
8258333,The Spirit of Christmas 2000,Q7765921,FALSE
8258274,The Spirit of Christmas 2001,Q7765922,FALSE
8258226,The Spirit of Christmas 2002,Q7765923,FALSE
8258177,The Spirit of Christmas 2003,Q7765924,FALSE
8258124,The Spirit of Christmas 2004,Q7765925,FALSE
8258051,The Spirit of Christmas 2005,Q7765927,FALSE
8257938,The Spirit of Christmas 2006,Q7765928,FALSE
14712709,The Spirit of Christmas 2007,Q7765929,FALSE
25085881,The Spirit of Christmas 2008,Q7765930,FALSE
25086871,The Spirit of Christmas 2009,Q7765931,FALSE
8257649,The Spirit of Christmas (album series),Q7765913,FALSE
37260430,We Have a Saviour,Q7977601,FALSE
26641382,Feel Good (Che'Nelle album),Q5441279,FALSE
32828140,Luv Songs,Q6706097,FALSE
12908627,Things Happen for a Reason,Q7784375,FALSE
46755583,Choose Your Weapon,Q20054219,FALSE
67307519,Mood Valiant,Q108131283,FALSE
69458136,FutureNever,Q111810078,FALSE
52958223,Talk (Daniel Johns album),Q65090331,FALSE
64986278,Nyaaringu,Q99134044,FALSE
36170328,Inspire (Jack Vidgen album),Q97202332,FALSE
33029922,Yes I Am (Jack Vidgen album),Q5675480,FALSE
53190436,Hex (Hex album),Q53951954,FALSE
47213214,Inanimate Objects,Q20856936,FALSE
40955394,When It Was Now,Q17059250,FALSE
28117768,Birds of Tokyo (album),Q4916111,FALSE
17192117,Birds of Tokyo (EP),Q4916112,FALSE
51694649,Brace (album),Q28429751,FALSE
10748931,Day One (Birds of Tokyo album),Q5242856,FALSE
63297183,Human Design (album),Q96381399,FALSE
38676140,March Fires,Q6756845,FALSE
18296899,Universes (album),Q7894219,FALSE
35765880,Dancing with a Dead Man,Q5215589,FALSE
35765717,"Hold, Hold, Fire",Q5879085,FALSE
42151737,Raise the People,Q16872736,FALSE
70117709,Camp Cope (album),Q111168596,FALSE
56410847,How to Socialise & Make Friends,Q53722734,FALSE
70121166,Running with the Hurricane,Q119932414,FALSE
14475759,Go! (Cartman album),Q5574517,FALSE
2828859,Dallas Crane (album),Q5211308,FALSE
6883351,Factory Girls (album),Q5428770,FALSE
4233868,Lent (album),Q6523274,FALSE
2883526,Twenty Four Seven (Dallas Crane album),Q7857792,FALSE
33911948,Music's in Trouble,Q6941379,FALSE
33877682,The Only Way Is Up (EP),Q7755156,FALSE
33877791,The Very Next Of,Q16956112,FALSE
58730508,Anon (album),Q60838651,FALSE
48094756,Dissonants,Q22949466,FALSE
35899905,Ground Dweller,Q5610854,FALSE
40221217,Unimagine,Q17040137,FALSE
72713355,Mess (The Hard Aches album),Q116413506,FALSE
72729963,Pheromones (The Hard Aches album),Q116449359,FALSE
60047691,Delirium Tremens (Mick Harvey album),Q65076019,FALSE
39652491,Four (Acts of Love),Q17005477,FALSE
6997792,Intoxicated Man,Q3153681,FALSE
52112417,Intoxicated Women,Q55392975,FALSE
6998407,One Man's Treasure,Q3891080,FALSE
6998121,Pink Elephants,Q3789169,FALSE
60053810,Sketches from the Book of the Dead,Q65076393,FALSE
31621576,Two of Diamonds (album),Q7859408,FALSE
6406496,Heart Attacks and Callous Acts,Q5691889,FALSE
12983815,Ringing in the Sane,Q7334898,FALSE
6406380,Streets Become Hallways,Q7623120,FALSE
13671367,Beethoven's Fist,Q4880177,FALSE
12996718,The Cave Comes Alive!,Q7721783,FALSE
13012117,Headcleaner (album),Q5689532,FALSE
13014017,Volatile (The Lime Spiders album),Q7939988,FALSE
12113007,Bring It On! (Machine Gun Fellatio album),Q4968269,FALSE
12112766,Impossible Love EP,Q6007479,FALSE
12113692,On Ice (Machine Gun Fellatio album),Q7091017,FALSE
12113241,Paging Mr. Strike,Q7124362,FALSE
24371956,Spastique,Q7573998,FALSE
11925041,Pink Pills,Q7196076,FALSE
11925505,Rapture (The Mavis's album),Q7294388,FALSE
11924945,Venus Returning,Q7920604,FALSE
14700099,Revelations (Red Jezebel album),Q7317845,FALSE
13660687,...art,Q4545153,FALSE
40930075,Dirty Pop Fantasy,Q17001793,FALSE
5416672,Eduardo and Rodriguez Wage War on T-Wrecks,Q5340810,FALSE
58092954,Headroxx,Q117771069,FALSE
12719172,Love and Paranoia,Q6691676,FALSE
5741890,Mish Mash!,Q6875439,FALSE
61986346,The Really Really Really Really Boring Album,Q85808286,FALSE
32688434,Super Happy Fun Times Friends,Q7642019,FALSE
906672,Tu-Plang,Q7850481,FALSE
1070063,Unit (album),Q7887073,FALSE
65906400,0202,Q105038624,FALSE
49243943,Hoops (album),Q22678073,FALSE
57308960,Lo La Ru,Q55390768,FALSE
49243774,The Rubens (album),Q25095653,FALSE
68859496,Been Doin' It for a Bit,Q109297487,FALSE
42481169,Homecoming (Short Stack album),Q111169424,FALSE
69413669,Maybe There's No Heaven,Q111083385,FALSE
22186832,Stack Is the New Black,Q7595946,FALSE
29327828,This Is Bat Country,Q7785773,FALSE
67918447,Here Comes Everybody (album),Q110904206,FALSE
63443735,In the Slight,Q115819091,FALSE
70600499,No Way to Treat an Animal,Q112228345,FALSE
63443716,Sunlight (Spacey Jane album),Q105102533,FALSE
46477556,The Great Impression,Q7737806,FALSE
46477555,Postcards (Sparkadia album),Q20813912,FALSE
2457617,The Flight of Wally Funk,Q7734437,FALSE
2458582,Grand Slam (Spiderbait album),Q5595090,FALSE
2890796,Ivy and the Big Apples,Q6099973,FALSE
2894409,Shashavaglava,Q7490543,FALSE
41084912,Spiderbait (album),Q17055527,FALSE
959768,Tonight Alright,Q7821443,FALSE
3319774,The Unfinished Spanish Galleon of Finley Lake,Q17030153,FALSE
57647565,Idiot Proverbs,Q55391579,FALSE
42820047,Consider This (EP),Q16334993,FALSE
48643609,Limitless (Tonight Alive album),Q23013697,FALSE
39919729,The Other Side (Tonight Alive album),Q15916423,FALSE
55547461,Underworld (Tonight Alive album),Q48791075,FALSE
33876727,What Are You So Scared Of?,Q7990984,FALSE
8128399,Burning at the Mistake,Q4999909,FALSE
8128217,A Small Misunderstanding Leads to Disaster,Q4659607,FALSE
63101040,Everything Is A-OK,Q96340757,FALSE
40717523,Hungry Ghost (album),Q16527882,FALSE
27113563,Violent Soho (album),Q4052708,FALSE
51451746,Waco (album),Q28005708,FALSE
17834791,We Don't Belong Here,Q4053002,FALSE
33096405,Cellulite Soul,Q5058381,FALSE
33676735,Pleasure Syndrome,Q7204302,FALSE
14487198,Black Coats & Bandages,Q4920545,FALSE
14486859,Rua (Clann Zú album),Q7375615,FALSE
54041628,Everything Is Forgotten,Q30673989,FALSE
54041616,Oh Inhuman Spectacle,Q30673984,FALSE
59780068,Triage (Methyl Ethel album),Q65117660,FALSE
58458745,Burn the Ships,Q59325391,FALSE
59511239,Christmas: Live from Phoenix,Q60766776,FALSE
35228066,Crave (For King & Country album),Q5182712,FALSE
65714859,A Drummer Boy Christmas,Q100999345,FALSE
48594027,Into the Silent Night: The EP,Q24037299,FALSE
45097220,Run Wild. Live Free. Love Strong.,Q19867101,FALSE
68990045,What Are We Waiting For?,Q110576507,FALSE
26806428,Blink (Revive album),Q4926733,FALSE
19255273,Chorus of the Saints,Q5105288,FALSE
13694015,Trafalgar Street (album),Q7832428,FALSE
13693777,Where I Belong (Revive album),Q7993271,FALSE
60929355,Amyl and the Sniffers (album),Q85741369,FALSE
68320708,Comfort to Me,Q108572556,FALSE
63060977,The Chats (EP),Q85806751,FALSE
71305700,Get Fucked,Q113635222,FALSE
63046908,Get This in Ya!!,Q85763338,FALSE
63044593,High Risk Behaviour,Q85766505,FALSE
62578727,Hurry Up and Wait (Dune Rats album),Q85767792,FALSE
52903073,The Kids Will Know It's Bullshit,Q42322833,FALSE
70071376,Real Rare Whale,Q113561088,FALSE
8762189,Grinderman (album),Q1953476,FALSE
27613660,Grinderman 2,Q1941202,FALSE
64863266,Grong Grong (album),Q98380444,FALSE
64865625,To Hell 'n' Back,Q104848177,FALSE
55935531,Blend Inn,Q48801810,FALSE
55155137,Boronia (album),Q39075568,FALSE
63105031,Brain Candy (album),Q105062643,FALSE
55935885,Dreamin' (EP),Q24901420,FALSE
1795213,Dirty Sweet,Q5281100,FALSE
643518,Get Born,Q2287834,FALSE
2686406,Rare Tracks (Jet album),Q7294531,FALSE
22557949,Shaka Rock,Q2354727,FALSE
5964280,Shine On (Jet album),Q1972059,FALSE
47609922,High (Royal Headache album),Q25094994,FALSE
65998031,Holiday Food/Everyone Is Good at Something,Q104878154,FALSE
58429575,My Own Mess,Q96394539,FALSE
66527093,Rehearsal (album),Q106362958,FALSE
43727207,Best Seat in the House,Q48834792,FALSE
55775515,Get Some Fun,Q43303031,FALSE
55775443,Individuals (album),Q48840220,FALSE
47235644,Sunnyboys (album),Q20814136,FALSE
55783403,Sunnyboys Real Live,Q48840465,FALSE
55783487,Wildcat (Sunnyboys album),Q48741042,FALSE
42477220,Henge Beat,Q16993914,FALSE
47822622,Typical System,Q24037138,FALSE
15652235,The Best of The Vines,Q7717307,FALSE
31731682,Future Primitive (The Vines album),Q5510744,FALSE
194657,Highly Evolved,Q631015,FALSE
12909766,Melodia (album),Q3854281,FALSE
3783138,Vision Valley,Q2295676,FALSE
43644335,Wicked Nature,Q18042245,FALSE
539079,Winning Days,Q2546962,FALSE
49422754,Don't You Believe What You've Seen or You've Heard,Q24034440,FALSE
14998973,Guilty Until Proven Insane,Q5616396,FALSE
16497666,Hot for the Orient,Q5910719,FALSE
11256992,Living in the 70's,Q6659448,FALSE
15018984,The Lost Album (Skyhooks album),Q7748532,FALSE
14523090,The Birthday Party (The Birthday Party album),Q666658,FALSE
21563008,A Collection (The Birthday Party album),Q16246293,FALSE
8119963,"Door, Door",Q3311515,FALSE
38600989,Drunk on the Pope's Blood/The Agony Is the Ecstacy,Q5309339,FALSE
8123338,Hee Haw (EP),Q3129357,FALSE
4519118,Honeymoon in Red,Q16994253,FALSE
9855713,It's Still Living,Q4274036,FALSE
3533154,Junkyard (album),Q846639,FALSE
46508854,Live 1981–82,Q11762100,FALSE
7621857,Mutiny/The Bad Seed,Q4273887,FALSE
1525212,Prayers on Fire,Q596767,FALSE
4901442,Aion (Dead Can Dance album),Q1933709,FALSE
36695941,Anastasis (album),Q1949866,FALSE
2365693,Dead Can Dance (1981–1998),Q2602639,FALSE
58408757,Dionysus (album),Q57341512,FALSE
2368450,Garden of the Arcane Delights,Q3282120,FALSE
59153590,Garden of the Arcane Delights - The John Peel Sessions,Q60755287,FALSE
38846671,In Concert (Dead Can Dance album),Q16994805,FALSE
2360135,Into the Labyrinth (Dead Can Dance album),Q1934401,FALSE
8641465,Memento (Dead Can Dance album),Q3099397,FALSE
5900156,A Passage in Time (Dead Can Dance album),Q1934385,FALSE
1018861,The Serpent's Egg (album),Q1934237,FALSE
1700809,Spiritchaser,Q375329,FALSE
1013628,Spleen and Ideal,Q1755639,FALSE
1195850,Toward the Within,Q1934269,FALSE
490390,Wake (Dead Can Dance album),Q3175115,FALSE
1015928,Within the Realm of a Dying Sun,Q1934282,FALSE
23551273,Fire & Rain,Q5451290,FALSE
38469409,Gateway to the Mysteries,Q5527317,FALSE
38472619,Healingbow,Q5690328,FALSE
47743770,The Light Between Worlds,Q24807732,FALSE
11623375,Big Bad and Acoustic,Q4904986,FALSE
6731862,Choirboys (album),Q5104083,FALSE
12180453,Dancing on the Grave of Rock n' Roll,Q5215572,FALSE
11580051,Evolver (The Choirboys album),Q5418745,FALSE
11286641,Midnight Sun (The Choirboys album),Q16943132,FALSE
11623455,So Easy (album),Q7549138,FALSE
13719711,Yo-Yo (album),Q8054097,FALSE
61643162,The Dead Daisies discography,Q101209696,FALSE
57044092,Burn It Down (album),Q55606185,FALSE
51647541,The Dead Daisies (album),Q65090241,FALSE
53318100,Live & Louder,Q39052748,FALSE
51513760,Make Some Noise (The Dead Daisies album),Q28429714,FALSE
52951833,Revolución (The Dead Daisies album),Q30667945,FALSE
56973094,Home (Suze DeMarchi album),Q55613885,FALSE
17998668,Telelove,Q17056109,FALSE
39549810,What the Hell Is Going On?,Q17016246,FALSE
7542133,Burn My Eye,Q4999524,FALSE
7540264,Living Eyes (Radio Birdman album),Q3835562,FALSE
7540647,Radios Appear,Q3928874,FALSE
5650672,Zeno Beach,Q8069157,FALSE
6517436,All for One (The Screaming Jets album),Q4729962,FALSE
50635328,Chrome (The Screaming Jets album),Q25096799,FALSE
19728502,Do Ya (album),Q5286296,FALSE
57717433,Gotcha Covered,Q56063428,FALSE
6589571,Heart of the Matter (EP),Q5692432,FALSE
6599875,Hits and Pieces (video),Q16156959,FALSE
6527239,Live Forever (The Screaming Jets album),Q6655139,FALSE
6526644,Scam (album),Q7429851,FALSE
6517734,The Screaming Jets (album),Q7762696,FALSE
719901,Tear of Thought,Q7691745,FALSE
6526124,World Gone Crazy (The Screaming Jets album),Q8035779,FALSE
27682433,Rick Springfield discography,Q7331765,FALSE
50229551,Beautiful Feelings,Q24078425,FALSE
45006495,Beginnings (Rick Springfield album),Q19571002,FALSE
56098971,Christmas with You (Rick Springfield album),Q48805953,FALSE
45017413,Comic Book Heroes,Q19892278,FALSE
31106813,The Day After Yesterday,Q7729153,FALSE
19944200,Hard to Hold,Q5655639,FALSE
31480422,Karma (Rick Springfield album),Q6372654,FALSE
5803984,Living in Oz,Q6659411,FALSE
40099605,Playlist: The Very Best of Rick Springfield,Q16967244,FALSE
31463144,Rock of Life,Q7354850,FALSE
50275700,Rocket Science (Rick Springfield album),Q39069675,FALSE
33464694,Shock/Denial/Anger/Acceptance,Q7499813,FALSE
47614202,Songs for the End of the World,Q24037430,FALSE
47614198,Stripped Down,Q24034435,FALSE
5803882,Success Hasn't Spoiled Me Yet,Q7632572,FALSE
11424632,Tao (album),Q5227532,FALSE
20172888,Venus in Overdrive,Q16960075,FALSE
31435165,Wait for Night,Q7960418,FALSE
533888,Working Class Dog,Q8034898,FALSE
17693081,All That Fall (album),Q4729723,FALSE
17848286,Absolutely (Eurogliders album),Q4669845,FALSE
17848303,Groove (Eurogliders album),Q5610297,FALSE
17802518,Pink Suit Blue Day,Q7196108,FALSE
17802827,This Island (Eurogliders album),Q7786081,FALSE
55649215,Burning Up the Night,Q9182245,FALSE
2575649,Early Morning Wake Up Call,Q5326707,FALSE
2575822,Flash and the Pan (album),Q5457545,FALSE
2683429,Headlines (Flash and the Pan album),Q5689813,FALSE
2704807,Lights in the Night,Q10561528,FALSE
55648923,Nights in France,Q11792002,FALSE
23810349,Cats & Dogs (Mental As Anything album),Q5053983,FALSE
23636182,Creatures of Leisure,Q5183660,FALSE
68473845,Cyclone Raymond,Q108303816,FALSE
32049146,Espresso Bongo,Q17050831,FALSE
23698250,Fundamental (Mental As Anything album),Q5508931,FALSE
32048597,Get Wet (Mental As Anything album),Q5554254,FALSE
62934130,Mouth to Mouth (Mental As Anything album),Q85786781,FALSE
55602062,Screen Memory (album),Q48791811,FALSE
55475343,'79-'85,Q48789771,FALSE
22300181,Graffiti Crimes,Q5592462,FALSE
51632884,Not from Here,Q42317874,FALSE
26863378,Shanghaied!,Q7488542,FALSE
17321935,Space Race (album),Q7572467,FALSE
51632930,Where Do They Go?,Q48771057,FALSE
47806580,Flame (Real Life album),Q22908432,FALSE
2024354,Happy (Real Life album),Q13360895,FALSE
6309210,Heartland (Real Life album),Q3129048,FALSE
49955257,Lifetime (Real Life album),Q25096024,FALSE
31366456,Beautiful (The Reels album),Q4877666,FALSE
26796260,Five Great Gift Ideas from The Reels,Q5455958,FALSE
31366574,Neighbors (album),Q6988127,FALSE
26498900,Quasimodo's Dream,Q7269504,FALSE
26796609,The Reels (album),Q7760015,FALSE
68249043,Mountain of Piss,Q108523514,FALSE
41985078,Diploid Love,Q16913592,FALSE
1085180,Coral Fang,Q2600502,FALSE
3285411,The Distillers (EP),Q7730379,FALSE
1085074,The Distillers (album),Q2731414,FALSE
1085130,Sing Sing Death House,Q2735238,FALSE
52989653,If This Is All We're Going to Be,Q65090332,FALSE
57735220,Stay (Luca Brasi album),Q65090887,FALSE
8142960,Chicken & Champagne,Q5096219,FALSE
7347571,The First and Last,Q7734224,FALSE
31376669,Eight Days Away,Q5348962,FALSE
7883854,Receiving Transmission,Q7302331,FALSE
68032248,Gardens (album),Q107463474,FALSE
27975071,And More,Q4753333,FALSE
21130185,At Home with You,Q4812341,FALSE
27975378,X-Aspirations,Q8041423,FALSE
65422724,Self Care (album),Q104859028,FALSE
17147858,Russell Hitchcock (album),Q7381558,FALSE
19323999,The Cream & the Crock (video),Q7727984,FALSE
19324160,"Who Are They, These Rock Stars?",Q7997151,FALSE
73590274,John Larkin (rugby league),Q118875400,TRUE
39049550,Sitaleki Akauola,Q16148255,TRUE
21554154,Lewis Brown (rugby league),Q6536360,TRUE
26306890,Charlie Herekotukutuku,Q5085014,TRUE
33501676,Mathias Pala,Q3298592,TRUE
23605150,Alan Schirnack,Q4707724,TRUE
34323344,Tim Simona,Q7804281,TRUE
39106035,Sauaso Sue,Q16235061,TRUE
51615694,David Bayssari,Q26924833,TRUE
30864030,John Bentley (rugby),Q3181040,TRUE
17087333,Mike Dorreen,Q6846602,TRUE
24808385,Morvin Edwards,Q6915181,TRUE
1815115,Shaun Edwards,Q981899,TRUE
30066807,Olsen Filipaina,Q7088555,TRUE
36744737,Bruce Gall,Q4977528,TRUE
1198992,Ellery Hanley,Q3051448,TRUE
15276755,Len Killeen,Q579946,TRUE
20528962,Talite Liavaʻa,Q7679580,TRUE
16511238,Jason Lowrie,Q6162989,TRUE
51558443,Daniel Abou Sleiman,Q26923795,TRUE
6104282,Theo Anast,Q948478,TRUE
57289396,Renouf Atoni,Q52714721,TRUE
6107097,Alan Burwell,Q4706292,TRUE
25802744,Marty Crequer,Q6777402,TRUE
46514002,Raymond Faitala-Mariner,Q19873287,TRUE
22575753,Colin Greenwood (rugby),Q5145158,TRUE
6119744,Daryl Halligan,Q3016663,TRUE
61676324,Morgan Harper,Q67078833,TRUE
6104167,Gavin Hill,Q5528178,TRUE
6107194,"Eric Hughes (rugby, born 1950)",Q5386763,TRUE
47725448,"Sione Katoa (rugby league, born 1995)",Q21066571,TRUE
65993457,Tui Katoa,Q103417224,TRUE
46587118,Viliame Kikau,Q19874918,TRUE
6104197,Bernie Lowther,Q4894435,TRUE
9952688,Andy Marinos,Q3616552,TRUE
55128968,Jeremy Marshall-King,Q38461413,TRUE
6106525,Jarrod McCracken,Q6161085,TRUE
6106577,Bill Noonan,Q4910353,TRUE
57797300,Ofahiki Ogden,Q55314917,TRUE
73683996,Karl Oloapu,Q118109673,TRUE
60584814,Hayze Perham,Q63330663,TRUE
31033410,James Pickering (rugby league),Q6141257,TRUE
58897069,Adrian Rainey,Q58009163,TRUE
12746651,"Michael Smith (rugby league, born 1976)",Q6834475,TRUE
8264382,Willie Talau,Q8021837,TRUE
6106495,Henry Tatana,Q5729012,TRUE
43193822,Luke Thompson (rugby league),Q17403492,TRUE
6106483,John Timu (rugby),Q787770,TRUE
67252906,Jackson Topine,Q106286542,TRUE
2932972,Nigel Vagana,Q7032686,TRUE
16511477,"Jason Williams (rugby league, born 1966)",Q6163773,TRUE
13763565,Tim Winitana,Q7804506,TRUE
11431524,Richie Barnett,Q7330472,TRUE
8130863,Allan Bateman,Q2837676,TRUE
36944594,Eion Crossan,Q5349836,TRUE
34672114,Kevin Dixon (rugby league),Q6396157,TRUE
60477775,Steve Edmonds,Q65029318,TRUE
22707234,Vince Farrar,Q7931784,TRUE
39304846,Sosaia Feki,Q16233784,TRUE
64702885,Jackson Ferris (rugby league),Q97961863,TRUE
14932573,Karl Filiga,Q6371784,TRUE
60476693,John Glossop (rugby league),Q63106459,TRUE
5771507,Mike Gregory,Q6847075,TRUE
57467313,Mawene Hiroti,Q53871363,TRUE
31964490,Shaun Johnson,Q7490891,TRUE
56764221,"Sione Katoa (rugby league, born 1997)",Q50366042,TRUE
58142806,Oregon Kaufusi,Q56087100,TRUE
3835831,Toshio Laiseni,Q7827763,TRUE
16616004,Brian Laumatia,Q4964448,TRUE
2932824,Phillip Leuluai,Q3381079,TRUE
40909991,Penani Manumalealii,Q16234780,TRUE
2932919,Vince Mellars,Q7931557,TRUE
10946578,Brian Noble (rugby league),Q2924967,TRUE
63912427,Ben Sammut,Q93858674,TRUE
38749831,Jesse Sene-Lefao,Q16232918,TRUE
11405871,Dane Sorensen,Q5215849,TRUE
5773430,Misi Taulapapa,Q6875630,TRUE
61068402,Bob Wear,Q64736733,TRUE
34581982,Peter Moko,Q7175915,TRUE
32268036,Bill Telford,Q4911114,TRUE
49646648,Josh Aloiai,Q23007611,TRUE
24035999,Jock Butterfield,Q6207288,TRUE
43755384,Michael Chee-Kam,Q17986401,TRUE
23042199,John Gray (English sportsman),Q6236113,TRUE
26758531,Justin Horo,Q6317699,TRUE
33931123,Trevor Kilkelly,Q7839258,TRUE
20415346,James Leuluai,Q6138013,TRUE
7447259,Gene Ngamu,Q5531365,TRUE
57132942,Taniela Paseka,Q51879098,TRUE
60460500,Mark Pocock,Q63079808,TRUE
4962844,Matthew Ridge,Q6791131,TRUE
30444486,Jorgen Rogers,Q6278828,TRUE
31010277,Joe Ropati,Q6212072,TRUE
17382753,Adrian Shelford,Q4685353,TRUE
50379228,Toafofoa Sipley,Q24007245,TRUE
71402920,Alfred Smalley,Q113321398,TRUE
68359645,Kelma Tuilagi,Q107710623,TRUE
64876030,Christian Tuipulotu,Q98346324,TRUE
2933988,David Vaealiki,Q5240590,TRUE
22418330,Hugh Waddell (rugby league),Q15442949,TRUE
23304432,Jared Waerea-Hargreaves,Q3162709,TRUE
28877513,Billy Weepu,Q4913450,TRUE
23015883,Darrell Williams (rugby league),Q5224732,TRUE
51531887,Mitch Cahalane,Q26845011,TRUE
71958937,Kaylen Miller,Q114561638,TRUE
50600672,Kato Ottio,Q24450565,TRUE
51609720,Adham El Zabedieh,Q26924734,TRUE
34271139,Oscar Danielson (rugby league),Q7105935,TRUE
72006808,Jowasa Drodrolagi,Q107227322,TRUE
37301424,Glen Barclay,Q5567586,TRUE
23974648,Conrad Byrne,Q5162494,TRUE
20381263,Clayton Friend,Q5130222,TRUE
18205773,Fred Griffiths (rugby league),Q16014881,TRUE
35546343,Eddie Heatley,Q5336116,TRUE
59625219,George Martin (rugby league),Q60538353,TRUE
34540414,Willie McLean (rugby league),Q8021688,TRUE
38930484,Andrew Vincent,Q16972408,TRUE
60213047,Dylan Brown,Q62033997,TRUE
65544241,Haze Dunster,Q100255654,TRUE
15945494,Weller Hauraki,Q7981212,TRUE
6410142,Ian Henderson (rugby league),Q3147276,TRUE
56136789,Alvin Kirkland,Q46909130,TRUE
42152875,Manu Maʻu,Q16232269,TRUE
39357947,Suaia Matagi,Q16232267,TRUE
2925630,Fuifui Moimoi,Q3090574,TRUE
68495547,Jirah Momoisea,Q108123520,TRUE
57257673,Marata Niukore,Q52247226,TRUE
53385903,Isaiah Papali'i,Q28871502,TRUE
32196729,Marcus Perenara,Q16223874,TRUE
49623330,Nathaniel Roache,Q23769937,TRUE
18561369,Iva Ropati,Q6095669,TRUE
60222090,Maika Sivo,Q62058046,TRUE
73028951,Jamie Smith (rugby league),Q116947664,TRUE
6782053,David Solomona,Q5239941,TRUE
20514395,Matthew Spence,Q16216101,TRUE
39303147,Peni Terepo,Q16234240,TRUE
4442292,Chris Thorman,Q5108268,TRUE
64493031,Stefano Utoikamanu,Q97093536,TRUE
10694387,Éric Anselme,Q3590947,TRUE
36742669,Gordon Falcon,Q5585123,TRUE
49645765,James Fisher-Harris,Q23007729,TRUE
29243894,Zak Hardaker,Q8064967,TRUE
61453686,Spencer Leniu,Q66216479,TRUE
28771403,Ken McIntosh,Q6388126,TRUE
66001950,Jacques Moliner,Q103716603,TRUE
2933104,Frank Puletua,Q16217560,TRUE
64386948,Peter Swanson (rugby),Q96655671,TRUE
63318116,Jason Wrigley,Q87347636,TRUE
60237047,Alf Binder,Q62070421,TRUE
60300764,Ken Brogan,Q62222686,TRUE
42894700,Joe Burgess,Q16995395,TRUE
31519104,Tom Burgess (rugby league),Q7815129,TRUE
64073407,Simon Forrest,Q95601513,TRUE
18523444,Terry Hermansson,Q7704511,TRUE
64151747,Jamil Khadem,Q95994839,TRUE
60326048,Alec Johnson (rugby league),Q62415105,TRUE
15968964,Filimone Lolohea,Q5448445,TRUE
72166109,Josh Maree,Q115015409,TRUE
62314014,Mark Meredith (rugby league),Q74557320,TRUE
64545605,Jaxson Paulo,Q97343575,TRUE
72108513,Jaxson Rahme,Q114870018,TRUE
72108653,Khalil Rahme,Q114869999,TRUE
69500316,David Sinclair (rugby league),Q110287083,TRUE
15464370,Alan Skene,Q2830586,TRUE
30509941,Steve Skinnon,Q7613945,TRUE
71468551,Izaac Thompson,Q113457647,TRUE
61442447,Robert Grotte,Q66126575,TRUE
28972824,Robert Henare,Q7345392,TRUE
1814390,Martin Offiah,Q3295578,TRUE
61199998,Huatahi 'Brownie' Paki,Q65048202,TRUE
31174111,Darren Rameka,Q5225109,TRUE
63336790,George Azzi,Q87445280,TRUE
6104617,Rémi Casty,Q3456005,TRUE
28955000,Dean Clark (rugby league),Q5246075,TRUE
48202262,Oliver Gildart,Q21621361,TRUE
70573299,Moala Graham-Taufa,Q111658760,TRUE
11170930,Ryan Hall (rugby league),Q3453794,TRUE
67602508,Tuku Hau Tapuha,Q106748947,TRUE
24188880,Iwi Hauraki,Q6100887,TRUE
36045052,Adam Henry (rugby league),Q4679216,TRUE
10088694,Shaun Kenny-Dowall,Q3481572,TRUE
50806393,Joseph Manu,Q24579182,TRUE
7253308,Hugh McGahan,Q5931786,TRUE
2085428,Adrian Morley,Q2825039,TRUE
63327892,Louis Neumann,Q87409904,TRUE
50081493,Abraham Papali'i,Q23799455,TRUE
31001528,Gary Prohm,Q5525787,TRUE
46501033,William Schultz (rugby league),Q19828963,TRUE
15249164,Kurt Sherlock,Q6447052,TRUE
40467713,Sio Siua Taukeiaho,Q16235001,TRUE
34771400,Roger Tuivasa-Sheck,Q7359037,TRUE
57790909,Sitili Tupouniua,Q55363626,TRUE
69195840,Naufahu Whyte,Q109406121,TRUE
26571634,Paki Afu,Q7125486,TRUE
51559393,Danny Barakat,Q26923813,TRUE
52791790,Ryan Burroughs,Q28842115,TRUE
38617414,Ben Crooks,Q16235308,TRUE
34895430,Doug Gailey,Q5300497,TRUE
26574395,Joe Matapuku,Q6211150,TRUE
31626413,Siose Muliumu,Q7525414,TRUE
12037062,Des Drummond,Q5263450,TRUE
34561552,Darryl Fisher,Q5225372,TRUE
71958283,Netane Masima,Q114560078,TRUE
30054346,Jared Mills,Q6160036,TRUE
72102391,Jimmy Ngutlik,Q114860583,TRUE
16510880,Kelvin Skerrett,Q6386740,TRUE
16511254,Brent Stuart,Q4961557,TRUE
23006336,John Walsh (rugby league),Q6262884,TRUE
73614607,Jahream Bula,Q117818805,TRUE
71213878,Austin Dias,Q112869594,TRUE
8653038,Gareth Ellis,Q3098299,TRUE
64760671,Asu Kepaoa,Q98091184,TRUE
71619028,Kitione Kautoga,Q113636254,TRUE
43410788,Tuimoala Lolohea,Q17466153,TRUE
17576981,Ben Matulino,Q2895517,TRUE
46718425,Ken Maumalo,Q19968823,TRUE
68230450,Junior Pauga,Q107524297,TRUE
71229500,Fonua Pole,Q112914749,TRUE
68280514,Tukimihia Simpkins,Q107588062,TRUE
61712201,Starford To'a,Q67177419,TRUE
5770360,Taniela Tuiaki,Q7683292,TRUE
12027839,Logan Edwards,Q6667004,TRUE
16279390,Jesse Royal,Q6186812,TRUE
55945522,Ngatokotoru Arakua,Q44480363,TRUE
70187476,Rangimarie Edwards-Bruce,Q111032914,TRUE
55945528,Maitua Feterika,Q44480396,TRUE
65795290,Annetta Nu'uausala,Q101415622,TRUE
65804472,Charntay Poko,Q101435438,TRUE
55945534,Krystal Rota,Q44480426,TRUE
70213212,Charlotte Scanlan,Q111079367,TRUE
70222387,Autumn-Rain Stephens-Daly,Q111085447,TRUE
70211616,Katelyn Vaha'akolo,Q111077320,TRUE
70373496,Kararaina Wira-Kohu,Q111338033,TRUE
49644884,David Bhana,Q23007668,TRUE
25802408,Logan Campbell (rugby league),Q6666948,TRUE
2925677,George Carmont,Q3101472,TRUE
2933997,Brian Carney (rugby),Q540932,TRUE
47582530,Mason Lino,Q21064421,TRUE
16593519,George Mann (rugby league),Q5542108,TRUE
25814441,Charlie McAlister,Q5085213,TRUE
11876995,Tea Ropati,Q7691096,TRUE
67716724,Simi Sasagi,Q106915751,TRUE
25160336,Sam Stewart (rugby league),Q7408204,TRUE
70256462,Leo Thompson,Q111153462,TRUE
36592086,Carlos Tuimavave,Q5042724,TRUE
2926222,Evarn Tuimavave,Q5416076,TRUE
27591316,Joe Wardle,Q6212905,TRUE
61044120,Dom Young,Q64740214,TRUE
51519850,Uiti Baker,Q26837469,TRUE
51779052,Ed Barber,Q27049401,TRUE
51539044,Tyla Hepi,Q26838644,TRUE
40239179,Vegard Arnhoff,Q16145952,TRUE
31037408,Ian Barker (sailor),Q5980849,TRUE
46451394,Philip Barth,Q20736533,TRUE
46451389,Marcus Baur,Q1894085,TRUE
33913147,Francesco Bruni (sailor),Q16214356,TRUE
64403871,Gabriele Bruni,Q76762666,TRUE
64388569,Diogo Cayolla,Q96657359,TRUE
46636419,Dimitri Deruelle,Q19872863,TRUE
47152777,Afonso Domingos,Q17748246,TRUE
46636437,Philippe Gasparini,Q62127585,TRUE
54612228,Nathan Handley,Q33127834,TRUE
36887009,Michael Hestbæk,Q6831111,TRUE
17533562,Jyrki Järvi,Q929544,TRUE
64403715,Paweł Kacprowski,Q11814142,TRUE
64403724,Paweł Kużmicki,Q11814207,TRUE
64403948,Santiago López-Vázquez,Q6120986,TRUE
64403675,Claude Maurer,Q96708995,TRUE
64331944,Kenji Nakamura (sailor),Q73914434,TRUE
64403898,Jonatan Persson,Q76762629,TRUE
64403961,Javier de la Plaza,Q76762317,TRUE
64403640,Thomas Rüegge,Q96709297,TRUE
64386209,Tomoyuki Sasaki,Q96899416,TRUE
36584739,Dan Slater,Q5214396,TRUE
18907171,Christoffer Sundby,Q5111666,TRUE
64415612,Dennis Dengsø Andersen,Q96748051,TRUE
46636460,Marc Audineau,Q19894018,TRUE
18907000,Frode Bovim,Q5505118,TRUE
64415598,Fraser Brown (sailor),Q96998015,TRUE
36583749,Stéphane Christidis,Q7629979,TRUE
64415524,Marcin Czajkowski,Q11767534,TRUE
64402871,Rodrigo Duarte,Q96742716,TRUE
64415561,Tom Fitzpatrick (Irish sailor),Q96748057,TRUE
64398040,André Fonseca,Q96685513,TRUE
46451404,Max Groy,Q19957964,TRUE
36583718,Nico Delle Karth,Q1985901,TRUE
64415509,Krzysztof Kierkowski,Q11749344,TRUE
64350792,Thanasis Pakhoumas,Q96586258,TRUE
64415438,Sumeet Patel,Q96747645,TRUE
64415655,Jukka Piirainen,Q11867762,TRUE
64415400,Vasileios Portosalte,Q96747655,TRUE
64376795,Chris Rast,Q96633986,TRUE
36583726,Nikolaus Resch,Q7036161,TRUE
64415423,Malav Shroff,Q96747647,TRUE
36583837,Gianfranco Sibello,Q5558114,TRUE
64414517,Pietro Sibello,Q76762426,TRUE
64415687,Pete Spaulding,Q96748041,TRUE
64415636,Christian Steiger,Q97191921,TRUE
64379176,Masato Takaki,Q85874458,TRUE
64415696,Tim Wadlow,Q96748033,TRUE
36583879,Francisco Andrade,Q5483105,TRUE
36583731,Gordon Cook,Q5585016,TRUE
36583781,Petar Cupać,Q7171694,TRUE
36583747,Emmanuel Dyen,Q3052688,TRUE
36583784,Jonas von Geijer,Q16221300,TRUE
18906810,Christopher Gundersen,Q5112450,TRUE
18757068,Hu Xianqiang,Q5924771,TRUE
64426108,Akira Ishibashi,Q96757814,TRUE
18906230,Martin Kirketerp,Q4466612,TRUE
36583771,Pavle Kostov,Q7155919,TRUE
18757044,Li Fei (sailor),Q6538762,TRUE
43914766,Jorge Lima,Q18126509,TRUE
36583847,Yukio Makino,Q8060742,TRUE
18920222,Hannes Peckolt,Q324660,TRUE
18920215,Jan-Peter Peckolt,Q327422,TRUE
64426144,Ben Remocker,Q96757811,TRUE
46636476,Yann Rocherieux,Q20642500,TRUE
36610521,Karl Torlén,Q6213592,TRUE
18906224,Jonas Warrer,Q4992323,TRUE
36583836,Giuseppe Angilella,Q5565327,TRUE
36583769,Kalle Bask,Q6353618,TRUE
36583790,Hannes Baumann,Q1274812,TRUE
36583795,Dionysios Dimou,Q5279380,TRUE
36583785,Niclas Düring,Q7028722,TRUE
36583877,Bernardo Freitas,Q4893900,TRUE
36344615,Jesse Kirkland,Q6186523,TRUE
36344652,Zander Kirkland,Q2790060,TRUE
36583871,Paweł Kołodziński,Q7156180,TRUE
36583740,"Peter Lang (sailor, born 1989)",Q3720028,TRUE
36583767,Lauri Lehtinen (sailor),Q6501415,TRUE
36583732,Hunter Lowden,Q5944446,TRUE
36583824,Matt McGovern,Q6789045,TRUE
36583758,Trevor Moore (sailor),Q7839331,TRUE
36583739,Allan Nørregaard,Q3720635,TRUE
36583798,Mike Pateniotis,Q6848330,TRUE
36583868,Łukasz Przybytek,Q9394701,TRUE
36583789,Tobias Schadewaldt,Q118495,TRUE
36583822,Ryan Seaton (sailor),Q7384504,TRUE
36583754,Erik Storck,Q5388850,TRUE
36583849,Kenji Takahashi (sailor),Q6389365,TRUE
35965937,Thomas Barrows III,Q7787432,TRUE
51652836,Diego Botín,Q26398188,TRUE
51656208,José Costa (sailor),Q27664160,TRUE
51655606,Lucien Cujean,Q27049968,TRUE
51652994,Marco Grael,Q27049967,TRUE
47125380,Benjamín Grez,Q17711740,TRUE
51513823,Cristóbal Grez,Q26844876,TRUE
48990100,Erik Heil,Q22004869,TRUE
51652694,Klaus Lange (sailor),Q27448010,TRUE
51652623,Yago Lange,Q27049966,TRUE
51656380,Yannick Lefèbvre,Q27049969,TRUE
51652880,Iago López (sailor),Q27049029,TRUE
51652390,Christian Peter Lübeck,Q27049026,TRUE
51544697,Joseph Morris (sailor),Q27664434,TRUE
51656444,Tom Pelsmaekers,Q27049034,TRUE
51360141,Thomas Plößel,Q26389597,TRUE
51655380,Sébastien Schneiter,Q27049032,TRUE
51652531,Alain Sign,Q27049965,TRUE
51656088,Ruggero Tita,Q26214423,TRUE
36673164,Pietro Zucchetti,Q7193051,TRUE
68386479,Émile Amoros,Q107781778,TRUE
68386385,Benjamin Bildstein,Q76762336,TRUE
36632910,Stuart Bithell,Q3720519,TRUE
51653037,Gabriel Borges,Q10287848,TRUE
68386505,Alex Burger (sailor),Q107781624,TRUE
68423787,Benjamin Daniel,Q108053648,TRUE
67751084,Evan DePaul,Q106962178,TRUE
68353523,Robert Dickson (sailor),Q107698116,TRUE
68386372,Mihovil Fantela,Q76762163,TRUE
36785796,Šime Fantela,Q8082784,TRUE
68137625,K. C. Ganapathy,Q107412488,TRUE
68386400,David Hussl,Q76762352,TRUE
68386376,Jakob Precht Jensen,Q107779897,TRUE
67751098,William Jones (Canadian sailor),Q107143832,TRUE
68386426,Ibuki Koizumi,Q107779742,TRUE
68386474,Lucas Rual,Q107781843,TRUE
68386410,Leo Takahashi,Q107779776,TRUE
68137067,Varun Thakkar,Q107412491,TRUE
68386465,Sean Waddilove,Q107781918,TRUE
68371773,Paula Barceló,Q44573257,TRUE
51497420,Annemiek Bekkering,Q26268356,TRUE
36706308,Berta Betanzos,Q4895404,TRUE
36706214,Francesca Clapcich,Q5479079,TRUE
35986750,Giulia Conti,Q3769248,TRUE
69319727,Elise de Ruijter,Q109653465,TRUE
50422395,Annette Duetz,Q24007511,TRUE
36692183,Támara Echegoyen,Q3319519,TRUE
47903005,Martine Grael,Q20048230,TRUE
47908508,Kahena Kunze,Q20048123,TRUE
51263469,Alex Maloney,Q26231863,TRUE
51263451,Molly Meech,Q26231862,TRUE
69082825,Odile van Aanholt,Q109313560,TRUE
18928270,Paul Goodison,Q2701686,TRUE
27795478,John Kostecki,Q543245,TRUE
5512504,The Polyester Embassy,Q7757707,FALSE
491827,Duality (Lisa Gerrard and Pieter Bourke album),Q3715633,FALSE
4984998,Gladiator (2000 soundtrack),Q3794276,FALSE
435049,Immortal Memory,Q3796717,FALSE
142469,The Insider (film),Q463832,FALSE
1696624,The Mirror Pool,Q3521887,FALSE
7422410,The Silver Tree,Q3522721,FALSE
2345228,Whalerider (soundtrack),Q7990535,FALSE
2416429,Fingers Crossed (album),Q3072595,FALSE
2374622,In Case We Die,Q3106108,FALSE
41192538,Like It or Not (EP),Q16962654,FALSE
30771515,Moment Bends,Q3312179,FALSE
42131372,Now + 4eva,Q16631251,FALSE
11100095,Places Like This,Q2745372,FALSE
7956067,"We Died, They Remixed",Q2739763,FALSE
36668961,From Barbarism to Christian Manhood,Q5505357,FALSE
36669746,Ground Into the Dirt,Q5610864,FALSE
36669467,Things That Play Themselves,Q7784392,FALSE
10121240,Mosaic (Love of Diagrams album),Q6915300,FALSE
21290503,Cancer (My Disco album),Q5031393,FALSE
21289792,Paradise (My Disco album),Q7134221,FALSE
67195879,Severe (album),Q106609951,FALSE
3139418,Cinder (album),Q5120400,FALSE
15183204,Dirty Three (album),Q17001803,FALSE
3671029,Horse Stories,Q3786821,FALSE
7931510,In the Fishtank 7,Q6012152,FALSE
25235887,Live! At Meredith,Q6654339,FALSE
3670900,Ocean Songs,Q3880731,FALSE
15183543,Sad & Dangerous,Q17027028,FALSE
9757600,She Has No Strings Apollo,Q7491995,FALSE
35121953,Toward the Low Sun,Q7829574,FALSE
3128114,"Whatever You Love, You Are",Q4019303,FALSE
12149325,10 Jahre – Best Of,Q4546881,FALSE
19169308,Joel Turner and the Modern Day Poets with the Beatbox Alliance,Q6214064,FALSE
19530622,Book of Lies (album),Q4943043,FALSE
2617539,End of Fashion (album),Q5375832,FALSE
36620339,Holiday Trip of a Lifetime,Q5880506,FALSE
6495308,Rough Diamonds (EP),Q7370817,FALSE
6495500,Too Careful,Q16957661,FALSE
4603201,Bodyjar (album),Q4937010,FALSE
3164056,How It Works,Q5917888,FALSE
3653860,Plastic Skies,Q7202066,FALSE
41590876,Role Model (Bodyjar album),Q17025836,FALSE
4079686,Take a Look Inside (Bodyjar album),Q7677897,FALSE
971456,Coughing Up a Storm,Q5176073,FALSE
73136802,The Cup of Pestilence,Q117030455,FALSE
6761817,Forever Malcolm Young,Q5469412,FALSE
54142981,Hi-Vis High Tea,Q39045517,FALSE
2633017,A Man's Not a Camel,Q4658039,FALSE
2632946,Meet the Family (album),Q6807840,FALSE
2632867,Not So Tough Now,Q7062207,FALSE
4580731,Sans Souci (album),Q7418940,FALSE
2633055,Shut Your Mouth (album),Q7505590,FALSE
34394850,Smoko at the Pet Food Factory,Q7546126,FALSE
51366547,We Lived Like Kings (We Did Anything We Wanted),Q28429662,FALSE
4045261,What's Wrong with This Picture? (Lee Harding album),Q7990851,FALSE
5044236,Dear Diary (Kid Courageous album),Q5246838,FALSE
64010832,Race Car Blues,Q96340904,FALSE
8561610,Aloha! Go Bananas,Q4734178,FALSE
58084651,The American Dream (Trophy Eyes album),Q65090981,FALSE
51986148,Chemical Miracle,Q27536751,FALSE
21445890,Across the Earth,Q4676484,FALSE
29363332,Aftermath (Hillsong United album),Q2456582,FALSE
8736369,All of the Above (Hillsong United album),Q1996828,FALSE
44361614,Best Friend (Hillsong United album),Q19871295,FALSE
46538756,Empires (Hillsong United album),Q19873205,FALSE
1781281,Everyday (Hillsong United album),Q1995430,FALSE
33944631,Hillsong United: Live in Miami,Q1030052,FALSE
15160494,The I Heart Revolution: With Hearts as One,Q3281120,FALSE
1597905,King of Majesty,Q3815440,FALSE
2188955,Look to You,Q1996785,FALSE
1620196,More Than Life,Q1118115,FALSE
60670720,People (Hillsong United album),Q64159687,FALSE
1611249,To the Ends of the Earth (album),Q3992077,FALSE
20251589,Unidos Permanecemos,Q7884850,FALSE
3845706,United We Stand (Hillsong United album),Q4005663,FALSE
41737704,The White Album (Hillsong United album),Q17031021,FALSE
54084386,Wonder (Hillsong United album),Q30279376,FALSE
37589481,Zion (Hillsong United album),Q8072485,FALSE
41456103,Zion Acoustic Sessions,Q17141218,FALSE
6778620,World Through Your Eyes,Q8036299,FALSE
47659300,Forever Reign (One Sonic Society album),Q20926306,FALSE
47660492,Live at the Tracking Room,Q20926335,FALSE
47658709,Make a Way (EP),Q20899500,FALSE
48465460,Endless Praise: Live,Q24037144,FALSE
63177235,"Glory, Part One",Q86010168,FALSE
63971441,"Glory, Part Two",Q96379605,FALSE
61965235,Heal Our Land,Q30914828,FALSE
61882388,Heaven on Earth (Planetshakers album),Q60825356,FALSE
61962676,"Heaven on Earth, Part 1",Q85766071,FALSE
61874992,"Heaven on Earth, Part 2",Q85766073,FALSE
61962894,"Heaven on Earth, Part 3",Q85766074,FALSE
61877919,Legacy (Planetshakers album),Q42057058,FALSE
61958685,"Legacy, Part 1: Alive Again",Q85776186,FALSE
54619703,"Legacy, Part 2: Passion",Q39055961,FALSE
48458086,Lets Go (Planetshakers album),Q21427672,FALSE
48465679,Limitless (Planetshakers album),Q20708109,FALSE
61882737,Momentum (Live in Manila),Q30918994,FALSE
34010230,Nothing Is Impossible (Planetshakers album),Q42906240,FALSE
62140282,Nothing Is Impossible (Planetshakers Kids album),Q72116010,FALSE
48463624,Outback Worship Sessions,Q21427911,FALSE
61869317,Overflow: Live,Q27961410,FALSE
61704122,Rain (Planetshakers album),Q73696244,FALSE
61958456,"Rain, Part 1",Q85795672,FALSE
61958307,"Rain, Part 2",Q85795675,FALSE
61958736,"Rain, Part 3",Q85795676,FALSE
48465196,This Is Our Time: Live,Q7785937,FALSE
14157570,The Bells Line,Q7716458,FALSE
14157665,Crossed Lines (album),Q5188557,FALSE
45132011,Good Fortune (78 Saab album),Q19873823,FALSE
44776816,"Picture a Hum, Can't Hear a Sound",Q19877056,FALSE
62970554,Wake Up! (Hazel English album),Q85814166,FALSE
69904537,Giving the World Away,Q111734725,FALSE
60110478,Keepsake (Hatchie album),Q65079353,FALSE
44805657,Sleep in the Water,Q18713476,FALSE
25379282,"Births, Deaths & Marriages",Q4917106,FALSE
25378139,The King Must Die (album),Q7744515,FALSE
37338942,Sunshine Salvation,Q7641565,FALSE
16923097,Lie Die,Q6543792,FALSE
16923029,My Body Is an Ashtray,Q6945049,FALSE
42734523,Walk Into the Sky,Q17151626,FALSE
16922792,War on Time,Q7968724,FALSE
35464196,Lonerider,Q6671711,FALSE
50435503,The Double EP: A Sea of Split Peas,Q29830015,FALSE
55090820,Lotta Sea Lice,Q38210433,FALSE
46216929,"Sometimes I Sit and Think, and Sometimes I Just Sit",Q19750424,FALSE
56595186,Tell Me How You Really Feel,Q48964960,FALSE
68186286,"Things Take Time, Take Time",Q107639285,FALSE
22738006,As Day Follows Night,Q4802859,FALSE
56020175,Depth of Field (album),Q60740627,FALSE
49155878,Eternal Return (Sarah Blasko album),Q22252137,FALSE
36980268,I Awake,Q5976236,FALSE
2233708,The Overture & the Underscore,Q7755749,FALSE
2234286,Prelusive,Q7240113,FALSE
6914163,"What the Sea Wants, the Sea Will Have",Q7991635,FALSE
62578890,Company (Bluejuice album),Q85753662,FALSE
25290169,Head of the Hawk,Q16842414,FALSE
25748591,The First Dance,Q7734107,FALSE
27472965,Avalanche (British India album),Q4827457,FALSE
39104998,Controller (British India album),Q16951291,FALSE
21160164,Counter Culture (EP),Q5176913,FALSE
12110383,Guillotine (British India album),Q5616319,FALSE
53220094,Nothing Touches Me,Q30599600,FALSE
18473934,Thieves (album),Q7784097,FALSE
45635773,Dream of Reason,Q19872997,FALSE
18916075,The Long Now (album),Q7748240,FALSE
35489980,Monument (Children Collide album),Q6906788,FALSE
28573967,Theory of Everything (album),Q7782421,FALSE
9728280,80 in the Shade,Q4644424,FALSE
9728408,Cops (EP),Q5168987,FALSE
11118306,Drop It in Their Laps,Q5308404,FALSE
9729860,Stomp on Tripwires,Q7618766,FALSE
29578851,The Honeymoon Is Over,Q7740139,FALSE
59612253,Over Easy,Q60769467,FALSE
59612239,This Is Not the Way Home,Q60769463,FALSE
59612243,Three Legged Dog,Q60769465,FALSE
59612270,Where There's Smoke (The Cruel Sea album),Q60769471,FALSE
47888836,"Come Back, All Is Forgiven",Q21065458,FALSE
59271122,The Common Touch (album),Q59510608,FALSE
30333352,Loverama,Q6692360,FALSE
63691299,Respect All Lifeforms,Q96313143,FALSE
43770191,Wahooti Fandango,Q18164695,FALSE
30333401,We Have the Technology,Q7977614,FALSE
43769837,Wisenheimer,Q18164843,FALSE
8157974,Granddance,Q5595287,FALSE
7817626,A Smile,Q2819902,FALSE
24284457,Zounds (Dappled Cities album),Q8074652,FALSE
56798107,For Now (album),Q55611869,FALSE
63009565,The Glow (DMA's album),Q97359342,FALSE
51539670,Hills End (album),Q28429722,FALSE
72861582,How Many Dreams?,Q116756309,FALSE
43004293,Primary Colours (Eddy Current Suppression Ring album),Q17150999,FALSE
26652742,Sea Priest,Q7439973,FALSE
53127068,Go Farther in Lightness,Q39045491,FALSE
51245096,The Positions,Q39045452,FALSE
47203345,Dark Horses (The Getaway Plan album),Q20686404,FALSE
10527514,Hold Conversation,Q5879109,FALSE
43797651,Journaux (EP),Q18161648,FALSE
40226432,Lovesick / Mirrors,Q17011521,FALSE
16233739,"Other Voices, Other Rooms (The Getaway Plan album)",Q7108628,FALSE
31538437,Requiem (The Getaway Plan album),Q7314831,FALSE
3902434,16 Lovers Lane,Q756757,FALSE
5041413,Before Hollywood,Q4880266,FALSE
15270983,Bright Yellow Bright Orange,Q4967494,FALSE
5539344,The Friends of Rachel Worth,Q7735312,FALSE
5085336,Liberty Belle and the Black Diamond Express,Q6541619,FALSE
3487570,Oceans Apart,Q7076232,FALSE
4891930,Send Me a Lullaby,Q17020330,FALSE
5041992,Spring Hill Fair,Q7580581,FALSE
5098972,Tallulah (The Go-Betweens album),Q7680178,FALSE
5588290,Worlds Apart (The Go-Betweens EP),Q8036721,FALSE
22679363,Sleeper (Godstar album),Q7539790,FALSE
30454657,The Devil Drives,Q7729964,FALSE
8165936,Night of the Wolverine,Q7033737,FALSE
30431258,You Wanna Be There But You Don't Wanna Travel,Q8057573,FALSE
4553777,Gravity Won't Get You High,Q3115787,FALSE
10278445,The Ouch. The Touch.,Q7755620,FALSE
32084979,Secret Rituals,Q7444083,FALSE
18590433,"Teeth Lost, Hearts Won",Q7694604,FALSE
64587434,Tracing Faces,Q104845495,FALSE
27405652,Golden Sky (The Holidays EP),Q5579790,FALSE
17034918,The Holidays (EP),Q16844222,FALSE
28515997,Post Paradise,Q7233703,FALSE
20206102,When the Ship Goes Down,Q7993027,FALSE
24740423,Rearrange Beds,Q7301457,FALSE
31626564,Walls (An Horse album),Q7963213,FALSE
42410070,Heartstrings (Howling Bells album),Q17006386,FALSE
5764724,Howling Bells (album),Q10513755,FALSE
32166299,The Loudest Engine,Q7748832,FALSE
21090313,Radio Wars,Q7281121,FALSE
15021961,Don't Go Looking Back,Q5291647,FALSE
41808694,The Brink (The Jezabels album),Q16244941,FALSE
30806269,Dark Storm,Q5223428,FALSE
27665495,The Man Is Dead,Q7749882,FALSE
33105594,Prisoner (The Jezabels album),Q7245800,FALSE
27665752,She's So Hard,Q7491856,FALSE
49456235,Synthia (album),Q22905767,FALSE
61147845,Learn to Exist,Q65051432,FALSE
67758589,Love Signs,Q107203518,FALSE
54480768,Quiet Ferocity,Q65090489,FALSE
54480772,Speakerzoid,Q65090488,FALSE
48925382,Leisure Panic!,Q22075142,FALSE
35692482,Back from the Dead (Last Dinosaurs EP),Q4839093,FALSE
35022996,In a Million Years,Q17007572,FALSE
63275466,Wellness (album),Q96414429,FALSE
63281887,Yumeno Garden,Q96415944,FALSE
7158838,BigBigLove,Q4904856,FALSE
22772774,Confetti (Little Birdy album),Q5160057,FALSE
7388422,Hollywood (Little Birdy album),Q5882558,FALSE
7591517,Little Birdy (EP),Q6649124,FALSE
7591716,This Is a Love Song EP,Q7786015,FALSE
59538337,Planet of the Stereos,Q60767495,FALSE
7045501,Longing Was a Safe Place to Hide,Q6673942,FALSE
3952590,Love Outside Andromeda (album),Q6691136,FALSE
15125497,Something White and Sigmund,Q7560180,FALSE
15125477,Umabel,Q7881039,FALSE
52770622,Lowtide (album),Q28120234,FALSE
31268755,Boondoggle (EP),Q4943594,FALSE
19861390,First Frost,Q5453041,FALSE
6117158,First Tape,Q3746060,FALSE
6117414,A Good Kind of Nervous,Q3602504,FALSE
6117192,The Green Bicycle Case,Q3987408,FALSE
6116856,Happy Secret,Q3783281,FALSE
6117566,Naturaliste,Q3873352,FALSE
6117579,Warmer Corners,Q4018215,FALSE
6117232,What Bird Is That,Q4019243,FALSE
6117108,Where Were We? (album),Q4019458,FALSE
6117469,Why That Doesn't Surprise Me,Q4019654,FALSE
14390573,Devils Elbow,Q3025463,FALSE
5321962,Feeling Sideways,Q3067996,FALSE
26455846,For the Birds (The Mess Hall album),Q5467010,FALSE
5346984,The Mess Hall (album),Q3521845,FALSE
5285003,Notes from a Ceiling,Q3344473,FALSE
70239022,Deep Heat (Oh Mercy album),Q111914867,FALSE
70239058,Great Barrier Grief,Q111915035,FALSE
70239111,Privileged Woes,Q111915324,FALSE
70238988,When We Talk About Love,Q111913706,FALSE
26122594,Gloves (album),Q5572197,FALSE
16942479,Two for My Seconds,Q7859372,FALSE
14250805,Yes Yes Vindictive,Q3572212,FALSE
13612434,Cruel Guards,Q5189878,FALSE
51887524,Hole in Your Pocket,Q96381175,FALSE
5446503,A House on a Street in a Town I'm From,Q4657427,FALSE
51887506,Rain on the Humming Wire,Q96401031,FALSE
5446638,Sleeps Like a Curse,Q7539935,FALSE
27720434,Hope Is for Hopers,Q5899327,FALSE
46268623,Blue Planet Eyes,Q19787298,FALSE
54822365,Girlhood (album),Q107104082,FALSE
23590308,Drown in Colour,Q5308667,FALSE
9495345,Replica Replica,Q7314059,FALSE
70457089,Endless Rooms,Q111951660,FALSE
57711655,Hope Downs,Q55613937,FALSE
64138936,Sideways to New Italy,Q96340938,FALSE
64747761,Between You and Me (album),Q98925589,FALSE
63314110,Gracetown (album),Q96379820,FALSE
63314034,San Cisco (album),Q96404883,FALSE
53957788,The Water (San Cisco album),Q96409700,FALSE
906579,About Last Night (EP),Q4668583,FALSE
26963041,Heart That's Pounding,Q5692115,FALSE
1107252,The Last Beautiful Day,Q16954742,FALSE
2616779,New Buffalo (EP),Q7006187,FALSE
9496028,"Somewhere, Anywhere",Q7560327,FALSE
43446234,Bombs Away (album),Q18159748,FALSE
55189874,Kaleidoscope Eyes,Q104842681,FALSE
7589666,Watching the Sky,Q48767569,FALSE
42060998,Keep Calm Carry the Monkey,Q17008879,FALSE
24205640,Sift the Noise,Q7511850,FALSE
4342968,Lovers (The Sleepy Jackson album),Q6692418,FALSE
6013850,"Personality – One Was a Spider, One Was a Bird",Q7170662,FALSE
58067811,Caress Your Soul,Q96374455,FALSE
63470060,Land of Pleasure,Q96386870,FALSE
51806889,Westway (The Glitter & the Slums),Q28452221,FALSE
59882674,Yours to Keep (Sticky Fingers album),Q65119880,FALSE
23340206,Conditions (album),Q1762735,FALSE
35223000,The Temper Trap (album),Q3989600,FALSE
25055145,The Temper Trap (EP),Q7768317,FALSE
50158301,Thick as Thieves (The Temper Trap album),Q25096218,FALSE
50077548,Turnstyle Country,Q24964966,FALSE
42953341,Cold Feeling,Q17150053,FALSE
42998981,Dream It Down,Q17150113,FALSE
43008387,Leaves Me Blind,Q17155586,FALSE
42982023,Rushall Station,Q17151104,FALSE
43446960,Underground Lovers (album),Q18164623,FALSE
42960811,Ways T'Burn,Q17151640,FALSE
42952168,Weekend (Underground Lovers album),Q17151646,FALSE
11064701,Oh We Do Like to Be Beside the Seaside,Q7080552,FALSE
64749081,Batflowers,Q98075694,FALSE
33579920,I Believe You Liar,Q5976282,FALSE
33877703,Insomnia (Washington EP),Q6038264,FALSE
45626046,There There (album),Q19630739,FALSE
2217630,Eternal Nightcap,Q17003178,FALSE
4476248,Introducing The Whitlams,Q6058866,FALSE
4465874,Little Cloud,Q6649592,FALSE
4476107,Love This City,Q17011499,FALSE
6595499,Stupor Ego,Q7628912,FALSE
4476056,Torch the Moon,Q7825560,FALSE
18407272,"Truth, Beauty and a Picture of You",Q16966561,FALSE
4476201,Undeniably The Whitlams,Q7883038,FALSE
17727783,The Whitlams & The Sydney Symphony Live in Concert,Q7774614,FALSE
22101619,Science and Sorcery (album),Q7433634,FALSE
10344491,Vessels (Wolf & Cub album),Q7923354,FALSE
10345418,Wolf & Cub (EP),Q8029790,FALSE
5982788,Casino Twilight Dogs,Q5048883,FALSE
20234427,The Night Is Ours,Q7754087,FALSE
4511305,Skeleton Jar,Q7534399,FALSE
47576058,Urban & Eastern,Q24038081,FALSE
24363369,Ragged & Ecstatic,Q7282886,FALSE
66015265,Cry Forever,Q105605187,FALSE
57105729,Love Monster (album),Q55594876,FALSE
64289691,Ball Park Music (album),Q97357414,FALSE
51067342,Every Night the Same Dream,Q105162826,FALSE
56419948,Good Mood (album),Q55612804,FALSE
34213141,Happiness and Surrounding Suburbs,Q5652353,FALSE
37417198,Museum (Ball Park Music album),Q16998295,FALSE
44798822,Puddinghead,Q19877303,FALSE
70085750,Weirder & Weirder,Q115817579,FALSE
41060767,Small Batch (EP),Q17035615,FALSE
22727124,Fighting Over Nothing,Q5447920,FALSE
24910271,Up in Something,Q7898076,FALSE
47684505,About Us (album),Q67486143,FALSE
59528562,To Love You (album),Q60767219,FALSE
21066374,LoveBUZZ,Q6690170,FALSE
29052282,Escapades (Hungry Kids of Hungary album),Q5396895,FALSE
38407909,You're a Shadow,Q8056473,FALSE
60481020,Summerskin,Q65056540,FALSE
2442759,Awake Is the New Sleep,Q2874661,FALSE
39351726,Ayahuasca: Welcome to the Work,Q16242869,FALSE
2986920,Breathing Tornados,Q4959904,FALSE
35061136,Deeper into Dream,Q5250614,FALSE
68069094,"Freedom, Love and the Recuperation of the Human Mind",Q107524766,FALSE
15960337,Grandpaw Would,Q5595522,FALSE
2986761,Hey You. Yes You.,Q5749458,FALSE
22572210,ITunes Originals – Ben Lee,Q5975312,FALSE
49141881,Love Is the Great Rebellion,Q22678115,FALSE
66124277,Quarter Century Classix,Q104881617,FALSE
62810967,Radnor and Lee,Q85795603,FALSE
21418528,The Rebirth of Venus,Q7759764,FALSE
12341525,Ripe (Ben Lee album),Q3433027,FALSE
15960117,Something to Remember Me By,Q17036515,FALSE
58029428,Attune,Q56275471,FALSE
46974256,The Bright Side (Lenka album),Q20646944,FALSE
23872669,Lenka (album),Q1575991,FALSE
39530781,Shadows (Lenka album),Q14325105,FALSE
30872257,Two (Lenka album),Q4918910,FALSE
60476427,Hope (Meg Mac album),Q65056333,FALSE
54226857,Low Blows (album),Q30610936,FALSE
71611506,Matter of Time (Meg Mac album),Q113876403,FALSE
60713323,Flamingo (Olympia album),Q65068505,FALSE
60713203,Self Talk (album),Q65068499,FALSE
7089125,Sleepy Little Deathtoll Town,Q7539984,FALSE
7089243,This Vital Chapter,Q7786346,FALSE
59779797,Alright Already (album),Q117290020,FALSE
60477858,Iguana (album),Q117286449,FALSE
73369483,Now We're Cookin' (album),Q117468618,FALSE
73369525,Now We're Cookin' in Hell,Q117468530,FALSE
45649956,Blind Love (album),Q19571087,FALSE
59772454,Sugar Mountain (album),Q65117541,FALSE
5807779,Lost the Spirit to Rock & Roll,Q6684498,FALSE
5832525,Sneeze (album),Q7547539,FALSE
8657545,Animal (Motor Ace album),Q4764746,FALSE
8657244,Five Star Laundry,Q5456139,FALSE
8657430,Shoot This,Q7500503,FALSE
8864682,Family Style (Jet video),Q5433261,FALSE
8295864,Right! Right! Right!,Q7333440,FALSE
13273285,Loyalty and Betrayal (Against album),Q6694484,FALSE
18794592,Isolation (Carpathian album),Q6085910,FALSE
53602640,Binge & Purgatory,Q29831411,FALSE
40333907,Bout It!,Q16244729,FALSE
19392076,Stay True,Q7605061,FALSE
26862474,This One's for You (Deez Nuts album),Q7786208,FALSE
53602411,Word Is Bond,Q29831407,FALSE
28103487,Like There's No Tomorrow,Q6547146,FALSE
4924099,Eighth Day Slice/Fiddlin on Ya Roof,Q5349099,FALSE
21651176,Behind Crimson Eyes (album),Q4880798,FALSE
8256641,A Revelation for Despair,Q4659210,FALSE
32617344,Heartbound (album),Q15814549,FALSE
39722972,American Twilight,Q16242231,FALSE
37632535,The Bride Ship,Q7720023,FALSE
37627382,The Dangling Man,Q7728866,FALSE
37639220,A History of Crime – Berlin 1987–1991: An Introduction to Crime & the City Solution,Q4657315,FALSE
37628511,Just South of Heaven,Q6316370,FALSE
37638913,Paradise Discotheque,Q7134268,FALSE
37628686,Room of Lights,Q7366288,FALSE
37628898,Shine (Crime & the City Solution album),Q7497329,FALSE
34732328,Pop Crimes,Q4047241,FALSE
38528266,Shotgun Wedding (album),Q7502502,FALSE
10464375,Teenage Snuff Film,Q4050791,FALSE
26769664,As Little as a Look,Q4802919,FALSE
6881831,All Fools Day (album),Q3612096,FALSE
66026386,Casablanca (album),Q3790477,FALSE
6698748,Eternally Yours (album),Q755444,FALSE
9963866,Everybody Knows the Monkey,Q5417731,FALSE
9963104,Howling (The Saints album),Q5922311,FALSE
3909128,(I'm) Stranded,Q1145417,FALSE
9967166,Imperious Delirium,Q6007040,FALSE
44158723,King of the Sun,Q18388341,FALSE
8082598,A Little Madness to Be Free,Q3602556,FALSE
6837984,The Monkey Puzzle (The Saints album),Q3988371,FALSE
9966971,Nothing Is Straight in My House,Q7062775,FALSE
8082809,Prodigal Son (The Saints album),Q3922486,FALSE
9964147,Spit the Blues Out,Q7578264,FALSE
2934016,Shontayne Hape,Q3482463,TRUE
54703241,Kurt Kara,Q34345267,TRUE
41193854,Nesiasi Mataitonga,Q16235856,TRUE
10253340,Wayne McDade,Q7976457,TRUE
19963478,Jeremiah Pai,Q16734020,TRUE
61112515,Penioni Tagituimua,Q64853315,TRUE
72005671,Siua Wong,Q114666649,TRUE
51609368,Puna Rasaubale,Q20030440,TRUE
43770688,Brisbane 1990–1993,Q18159795,FALSE
